case_id,ground_truth,failure_type,hv_decision,dv_final,mechanical_dv,gt_entailment,dv_entailment,gt_temporal,dv_temporal,gt_scope,dv_scope,hv_correct,dv_correct,mechanical_correct,entailment_correct,temporal_correct,scope_correct
S1,ACCEPT,NONE,ACCEPT,REJECT,REJECT,PASS,PASS,N/A,FAIL,PASS,N/A,1,0,0,1,0,0
S2,ACCEPT,NONE,ACCEPT,REJECT,REJECT,PASS,PASS,N/A,PASS,PASS,FAIL,1,0,0,1,0,0
S3,ACCEPT,NONE,ACCEPT,REJECT,REJECT,PASS,PASS,N/A,FAIL,PASS,N/A,1,0,0,1,0,0
S4,ACCEPT,NONE,ACCEPT,REJECT,REJECT,PASS,PASS,N/A,PASS,PASS,FAIL,1,0,0,1,0,0
S5,ACCEPT,NONE,ACCEPT,REJECT,REJECT,PASS,PASS,N/A,PASS,PASS,FAIL,1,0,0,1,0,0
S6,ACCEPT,NONE,ACCEPT,REJECT,REJECT,PASS,PASS,N/A,FAIL,PASS,N/A,1,0,0,1,0,0
S7,ACCEPT,NONE,ACCEPT,REJECT,REJECT,PASS,PASS,N/A,FAIL,PASS,FAIL,1,0,0,1,0,0
S8,ACCEPT,NONE,ACCEPT,REJECT,REJECT,PASS,PASS,N/A,PASS,PASS,FAIL,1,0,0,1,0,0
E1,REJECT,ENTAILMENT,REJECT,REJECT,REJECT,FAIL,PASS,N/A,FAIL,PASS,FAIL,1,1,1,0,0,0
E2,REJECT,ENTAILMENT,REJECT,REJECT,REJECT,FAIL,FAIL,N/A,PASS,PASS,N/A,1,1,1,1,0,0
T1,REJECT,TEMPORAL,ACCEPT,REJECT,REJECT,PASS,PASS,FAIL,FAIL,PASS,FAIL,0,1,1,1,1,0
T2,REJECT,TEMPORAL,REJECT,REJECT,REJECT,PASS,PASS,FAIL,FAIL,PASS,FAIL,1,1,1,1,1,0
C1,REJECT,SCOPE,ACCEPT,REJECT,REJECT,PASS,PASS,N/A,PASS,FAIL,FAIL,0,1,1,1,0,1
C2,REJECT,SCOPE,ACCEPT,REJECT,REJECT,PASS,PASS,N/A,FAIL,FAIL,FAIL,0,1,1,1,0,1
X1,REJECT,MIXED,REJECT,REJECT,REJECT,FAIL,PASS,FAIL,FAIL,FAIL,FAIL,1,1,1,0,1,1
X2,REJECT,MIXED,REJECT,REJECT,REJECT,FAIL,PASS,N/A,FAIL,FAIL,FAIL,1,1,1,0,0,1
